"","ABERDEEN","14"
"","ACAMPO","39"
"","ACTON","19"
"","ADELAIDE","40"
"","ADELANTO","36"
"","ADIN","18"
"","ADIN","25"
"","AERIAL ACRES","15"
"","AFTON","11"
"","AGATE BAY","31"
"","AGOURA","19"
"","AGOURA","56"
"","AGOURA HILLS","19"
"","AGOURA HILLS","56"
"","AGUA CALIENTE","49"
"","AGUA DULCE","19"
"","AGUANGA","33"
"","AHWAHNEE","20"
"","ALABAMA HILLS","14"
"","ALAMEDA","01"
"","ALAMEDA PT","01"
"","ALAMO","07"
"","ALBANY","01"
"","ALBION","23"
"","ALDERPOINT","12"
"","ALEXANDER VALLEY","49"
"","ALHAMBRA","19"
"","ALISAL","27"
"","ALISO VIEJO","30"
"","ALLEGHANY","46"
"","ALLENDALE","48"
"","ALLENSWORTH","54"
"","ALMA","43"
"","ALMANOR","32"
"","ALPAUGH","54"
"","ALPINE","37"
"","ALPINE FOREST","15"
"","ALPINE MDWS","31"
"","ALPINE MEADOWS","31"
"","ALTA","31"
"","ALTA HILL","29"
"","ALTA LOMA","36"
"","ALTA SIERRA","29"
"","ALTADENA","19"
"","ALTAVILLE","05"
"","ALTURAS","25"
"","ALTURAS RANCHERIA","25"
"","ALVISO","43"
"","AMADOR CITY","03"
"","AMADOR STATION","02"
"","AMBOY","36"
"","AMERICAN CANYON","28"
"","AMERICAN CANYON","48"
"","AMERICAN CYN","28"
"","AMERICAN CYN","48"
"","ANAHEIM","30"
"","ANAHEIM HILLS","30"
"","ANCHOR BAY","23"
"","ANDERSON","45"
"","ANDERSON SPRINGS","17"
"","ANDRUS ISLAND","34"
"","ANGELS CAMP","05"
"","ANGELUS OAKS","36"
"","ANGWIN","28"
"","ANNAPOLIS","49"
"","ANTELOPE","34"
"","ANTIOCH","07"
"","ANZA","33"
"","APPLE VALLEY","36"
"","APPLEGATE","31"
"","APTOS","44"
"","ARBOGA","58"
"","ARBUCKLE","06"
"","ARCADIA","19"
"","ARCATA","12"
"","ARCO","19"
"","ARCO-PLAZA","19"
"","ARGUS","36"
"","ARLETA","19"
"","ARLINGTON","33"
"","ARMONA","16"
"","ARNOLD","05"
"","AROMAS","27"
"","AROMAS","35"
"","ARROWBEAR","36"
"","ARROWBEAR LAKE","36"
"","ARROWBEAR LK","36"
"","ARROWHED FARM","36"
"","ARROYO GRANDE","40"
"","ARTESIA","19"
"","ARTOIS","11"
"","ARVIN","15"
"","ASHLAND","01"
"","ASILOMAR","27"
"","ASTI","49"
"","ATASCADERO","40"
"","ATHENS","19"
"","ATHERTON","41"
"","ATWATER","24"
"","ATWOOD","30"
"","AUBERRY","10"
"","AUBURN","29"
"","AUBURN","31"
"","AUBURN LAKE TRAILS","09"
"","AUGUST F. HAW","19"
"","AVALON","19"
"","AVENAL","16"
"","AVERY","05"
"","AVILA BEACH","40"
"","AVON","07"
"","AZUSA","19"
"","B H SPRINGS","49"
"","BADGER","54"
"","BAKER","36"
"","BAKER RANCH","31"
"","BAKERSFIELD","15"
"","BALANCE ROCK","54"
"","BALBOA","30"
"","BALBOA ISLAND","30"
"","BALCH CAMP","10"
"","BALDWIN HILLS","19"
"","BALDWIN PARK","19"
"","BALDY MESA","36"
"","BALLARAT","36"
"","BALLARD","42"
"","BALLICO","24"
"","BANGOR","04"
"","BANNING","33"
"","BANTA","39"
"","BARD","13"
"","BARONA RANCHERIA","33"
"","BARRINGTON","19"
"","BARSTOW","36"
"","BASE LINE","36"
"","BASS LAKE","20"
"","BASSETT","19"
"","BASSETTS","46"
"","BAXTER","31"
"","BAY POINT","07"
"","BAYLISS","11"
"","BAYSIDE","12"
"","BAYWOOD PARK","40"
"","BEACH CENTER","30"
"","BEALE AFB","58"
"","BEALE AIR FORCE BASE","58"
"","BEAR RIVER PINES","29"
"","BEAR VALLEY","02"
"","BEAR VALLEY","05"
"","BEAR VALLEY","15"
"","BEAR VALLEY","22"
"","BEAR VALLEY","37"
"","BEAR VALLEY SPRINGS","15"
"","BEAR VLY SPGS","15"
"","BEAUMONT","33"
"","BECKWOURTH","32"
"","BEL MARIN KEYES","21"
"","BEL TIBURON","21"
"","BELDEN","32"
"","BELL","19"
"","BELL","24"
"","BELL CANYON","19"
"","BELL CANYON","56"
"","BELL GARDENS","19"
"","BELLA VISTA","45"
"","BELLFLOWER","19"
"","BELMONT","41"
"","BELMONT SHORE","19"
"","BELVEDERE","19"
"","BELVEDERE","21"
"","BELVEDERE TIBURON","21"
"","BEN LOMOND","44"
"","BEND","52"
"","BENICIA","48"
"","BENTON","26"
"","BERENDA","20"
"","BERKELEY","01"
"","BERMUDA DUNES","33"
"","BERRY CREEK","04"
"","BETHEL ISLAND","07"
"","BEVERLY HILLS","19"
"","BICENTENNIAL","19"
"","BIEBER","18"
"","BIG BAR","53"
"","BIG BASIN","44"
"","BIG BEAR","36"
"","BIG BEAR CITY","36"
"","BIG BEAR LAKE","36"
"","BIG BEND","45"
"","BIG BEND","49"
"","BIG CREEK","10"
"","BIG OAK FLAT","55"
"","BIG OAK VALLEY","29"
"","BIG OAK VLY","29"
"","BIG PINE","14"
"","BIG RIVER","36"
"","BIG SPRINGS","47"
"","BIG SUR","27"
"","BIGGS","04"
"","BIJOU","09"
"","BIOLA","10"
"","BIRDS LANDING","48"
"","BIRDS LNDG","48"
"","BISHOP","14"
"","BISHOP","26"
"","BIXBY","19"
"","BIXBY KNOLLS","19"
"","BLACK MEADOW LANDING","36"
"","BLACK POINT","21"
"","BLACK STATION","02"
"","BLACKHAWK","07"
"","BLAIRSDEN","32"
"","BLAIRSDEN-GRAEAGLE","32"
"","BLANCHARD","55"
"","BLOCKSBURG","12"
"","BLOOMFIELD","49"
"","BLOOMINGTON","36"
"","BLOSSOM VALLEY","43"
"","BLRSDN-GREAGL","32"
"","BLUE CANYON","31"
"","BLUE JAY","36"
"","BLUE LAKE","12"
"","BLYTHE","33"
"","BLYTHE","36"
"","BOCA","29"
"","BODEGA","49"
"","BODEGA BAY","49"
"","BODFISH","15"
"","BOEING","19"
"","BOLINAS","21"
"","BOMBAY BEACH","13"
"","BONDS CORNER","13"
"","BONITA","37"
"","BONNY DOON","44"
"","BONSALL","37"
"","BOONVILLE","23"
"","BORON","15"
"","BORON","36"
"","BORREGO SPGS","37"
"","BORREGO SPRINGS","37"
"","BOSTON RAVINE","29"
"","BOSTONIA","37"
"","BOULDER CREEK","41"
"","BOULDER CREEK","44"
"","BOULDIN ISLAND","34"
"","BOULEVARD","37"
"","BOUQUET CANYON","19"
"","BOWMAN","31"
"","BOX CANYON","19"
"","BOX SPRINGS","33"
"","BOYES HOT SPG","49"
"","BOYES HOT SPRINGS","49"
"","BOYES SPRINGS","49"
"","BOYLE HEIGHTS","19"
"","BRADBURY","19"
"","BRADLEY","27"
"","BRANDEIS","56"
"","BRANNAN ISLAND","34"
"","BRANSCOMB","23"
"","BRAWLEY","13"
"","BREA","30"
"","BRENTWOOD","07"
"","BRENTWOOD","19"
"","BRICELAND","12"
"","BRIDGEPORT","29"
"","BRIDGEPORT","22"
"","BRIDGEPORT","26"
"","BRIDGEVILLE","53"
"","BRIDGEVILLE","17"
"","BRIDGEVILLE","12"
"","BRIGGS","19"
"","BRIONES","07"
"","BRISBANE","41"
"","BRISTOL","30"
"","BROADMOOR","41"
"","BROADMOOR VLG","41"
"","BROADWAY MANCHESTER","19"
"","BROCKWAY","31"
"","BRODERICK","57"
"","BROOKDALE","44"
"","BROOKHURST CENTER","30"
"","BROOKS","57"
"","BROWNS VALLEY","58"
"","BROWNSVILLE","58"
"","BRUSH CREEK","04"
"","BRYLANE","19"
"","BRYN MAWR","36"
"","BRYTE","57"
"","BUCKHORN","02"
"","BUCKS BAR","09"
"","BUCKS LAKE","32"
"","BUELLTON","42"
"","BUENA PARK","30"
"","BUFFALO HILL","09"
"","BUFFUMS","19"
"","BURBANK","19"
"","BURLINGAME","41"
"","BURNEY","45"
"","BURNT RANCH","53"
"","BURREL","10"
"","BURSON","05"
"","BUTTE CITY","11"
"","BUTTE CREEK","04"
"","BUTTE MEADOWS","04"
"","BUTTE VALLEY","04"
"","BUTTONWILLOW","15"
"","BYRON","07"
"","CA BRM ZIP","34"
"","CABAZON","33"
"","CABRILLO","19"
"","CADIZ","36"
"","CAIRNS CORNER","54"
"","CAJON JUNCTION","36"
"","CAL POLY SLO","40"
"","CALABASAS","19"
"","CALABASAS HILLS","19"
"","CALABASAS HLS","19"
"","CALEXICO","13"
"","CALIENTE","15"
"","CALIF CITY","15"
"","CALIF HOT SPG","54"
"","CALIFORNIA CITY","15"
"","CALIFORNIA CITY","21"
"","CALIFORNIA HOT SPRINGS","54"
"","CALIFORNIA PINES","25"
"","CALIFORNIA VALLEY","40"
"","CALIMESA","33"
"","CALIPATRIA","13"
"","CALISTOGA","28"
"","CALLAHAN","47"
"","CALPELLA","23"
"","CALPINE","46"
"","CALWA","10"
"","CAMANCHE LAKE","03"
"","CAMARILLO","56"
"","CAMBRIA","40"
"","CAMERON PARK","09"
"","CAMINO","09"
"","CAMP CONNELL","05"
"","CAMP MEEKER","49"
"","CAMP NELSON","54"
"","CAMP PENDLETON","37"
"","CAMP RICHARDSON","09"
"","CAMP ROBERTS","40"
"","CAMPBELL","43"
"","CAMPO","37"
"","CAMPO SECO","05"
"","CAMPTONVILLE","58"
"","CANBY","25"
"","CANOGA PARK","19"
"","CANTIL","15"
"","CANTUA CREEK","10"
"","CANYON","07"
"","CANYON CNTRY","19"
"","CANYON COUNTRY","19"
"","CANYON CREST","33"
"","CANYON DAM","32"
"","CANYON LAKE","33"
"","CANYONDAM","32"
"","CAPAY","57"
"","CAPE HORN","31"
"","CAPISTRANO BEACH","30"
"","CAPITOLA","44"
"","CAPO BEACH","30"
"","CARBON CANYON","36"
"","CARBONDALE","03"
"","CARDIFF","37"
"","CARDIFF BY THE SEA","37"
"","CARIBOU","32"
"","CARLOTTA","12"
"","CARLSBAD","37"
"","CARMEL","27"
"","CARMEL BY THE","27"
"","CARMEL BY THE SEA","27"
"","CARMEL HIGHLANDS","27"
"","CARMEL VALLEY","27"
"","CARMEL VALLEY VILLAGE","27"
"","CARMICHAEL","34"
"","CARNELIAN BAY","31"
"","CARPINTERIA","42"
"","CARSON","19"
"","CARTAGO","14"
"","CARUTHERS","10"
"","CASA BLANCA","33"
"","CASITAS SPRINGS","56"
"","CASMALIA","42"
"","CASPAR","23"
"","CASSEL","45"
"","CASTAIC","19"
"","CASTELLA","45"
"","CASTLE AIR FORCE BASE","24"
"","CASTRO VALLEY","01"
"","CASTROVILLE","27"
"","CATALINA","19"
"","CATHEDRAL CITY","33"
"","CATHEDRAL CTY","33"
"","CATHEYS VALLEY","22"
"","CATHEYS VLY","22"
"","CAYUCOS","40"
"","CAZADERO","49"
"","CEDAR FLAT","31"
"","CEDAR GLEN","36"
"","CEDAR GROVE","09"
"","CEDAR PINES PK","36"
"","CEDAR RAVINE","09"
"","CEDAR RIDGE","29"
"","CEDAR RIDGE","55"
"","CEDARPINES PARK","36"
"","CEDARPINES PK","36"
"","CEDARVILLE","25"
"","CENTERVILLE","01"
"","CENTERVILLE","04"
"","CENTERVILLE","10"
"","CENTRAL VALLEY","45"
"","CENTRAL VLY","45"
"","CENTURY CITY","19"
"","CERES","50"
"","CERRITOS","19"
"","CHALFANT","14"
"","CHALFANT VALLEY","14"
"","CHALFANT VALLEY","26"
"","CHALFANT VLY","14"
"","CHALFANT VLY","26"
"","CHALLENGE","58"
"","CHAPMANTOWN","04"
"","CHARTER OAK","19"
"","CHATSWORTH","19"
"","CHATSWORTH","56"
"","CHEMEHUEVI","36"
"","CHEMEHUEVI VALLEY","36"
"","CHEROKEE","04"
"","CHEROKEE","29"
"","CHERRY VALLEY","33"
"","CHESTER","32"
"","CHICAGO PARK","29"
"","CHICO","04"
"","CHILCOOT","32"
"","CHINA LAKE","15"
"","CHINA LAKE NWC","15"
"","CHINESE CAMP","55"
"","CHINO","36"
"","CHINO HILLS","36"
"","CHIRIACO SMT","33"
"","CHIRIACO SUMMIT","33"
"","CHOLAME","40"
"","CHOWCHILLA","20"
"","CHRISTIAN VALLEY","31"
"","CHUALAR","27"
"","CHULA VISTA","37"
"","CIMA","36"
"","CIMARRON","19"
"","CISCO","29"
"","CISCO","31"
"","CITIBANK","19"
"","CITRUS HEIGHTS","34"
"","CITRUS HTS","34"
"","CITY INDUSTRY","19"
"","CITY NATIONAL BANK","19"
"","CITY OF COMMERCE","19"
"","CITY OF INDUSTRY","19"
"","CITY OF SHASTA LAKE","45"
"","CITY RANCH","19"
"","CITY TERRACE","19"
"","CLAREMONT","19"
"","CLARKSBURG","57"
"","CLAY","34"
"","CLAYTON","07"
"","CLEAR CREEK","18"
"","CLEAR CREEK","32"
"","CLEAR CREEK","47"
"","CLEARLAKE","17"
"","CLEARLAKE HIGHLANDS","17"
"","CLEARLAKE OAKS","17"
"","CLEARLAKE OKS","17"
"","CLEARLAKE PARK","17"
"","CLEARLAKE PK","17"
"","CLEMENTS","39"
"","CLEONE","23"
"","CLIFTON","19"
"","CLINTON","03"
"","CLIO","32"
"","CLIPPER GAP","31"
"","CLIPPER MILLS","04"
"","CLOVERDALE","49"
"","CLOVIS","10"
"","CLYDE","07"
"","COACHELLA","33"
"","COALINGA","10"
"","COALINGA","27"
"","COARSEGOLD","20"
"","COBB","17"
"","CODORA","06"
"","COHASSET","04"
"","COLD SPRINGS","55"
"","COLEVILLE","26"
"","COLFAX","31"
"","COLLEGE CITY","06"
"","COLMA","41"
"","COLOMA","09"
"","COLTON","33"
"","COLTON","36"
"","COLUMBIA","55"
"","COLUSA","06"
"","COMMERCE","19"
"","COMMONWEALTH","30"
"","COMPTCHE","23"
"","COMPTON","19"
"","CONCORD","07"
"","CONEJO","10"
"","COOL","09"
"","COPPEROPOLIS","05"
"","CORCORAN","16"
"","CORCORAN","54"
"","CORDELIA","48"
"","CORNELL","19"
"","CORNING","52"
"","CORONA","33"
"","CORONA DEL MAR","30"
"","CORONA DL MAR","30"
"","CORONADO","37"
"","CORRAL DE TIE","27"
"","CORRAL DE TIERRA","27"
"","CORRALITOS","44"
"","CORTE MADERA","21"
"","COSTA MESA","30"
"","COTATI","49"
"","COTO DE CAZA","30"
"","COTTONWOOD","45"
"","COTTONWOOD","52"
"","COULTERVILLE","22"
"","COULTERVILLE","55"
"","COURTLAND","34"
"","COVELO","23"
"","COVINA","19"
"","COWAN HEIGHTS","30"
"","COWELL","07"
"","COYOTE","43"
"","CRAFTON HILLS","36"
"","CRENSHAW","19"
"","CRESCENT CITY","08"
"","CRESCENT MILLS","32"
"","CRESCENT MLS","32"
"","CRESSEY","24"
"","CREST","37"
"","CREST PARK","36"
"","CRESTLINE","36"
"","CRESTMORE","36"
"","CRESTON","40"
"","CROCKETT","07"
"","CROMBERG","32"
"","CROWLEY LAKE","26"
"","CROWS LANDING","50"
"","CRYSTAL SPRINGS","02"
"","CRYSTALAIRE","19"
"","CTY OF CMMRCE","19"
"","CUCAMONGA","36"
"","CUDAHY","19"
"","CULVER CITY","19"
"","CUPERTINO","43"
"","CUTLER","54"
"","CUTTEN","12"
"","CUYAMA","42"
"","CYPRESS","30"
"","DAGGETT","36"
"","DAIRYVILLE","52"
"","DALY CITY","41"
"","DANA POINT","30"
"","DANVILLE","07"
"","DARDANELLE","55"
"","DARWIN","14"
"","DAVENPORT","44"
"","DAVIS","57"
"","DAVIS CREEK","25"
"","DAYTON","04"
"","DEATH VALLEY","14"
"","DEATH VALLEY JCT","14"
"","DEATH VALLEY JUNCTION","14"
"","DECOTO","01"
"","DEER PARK","09"
"","DEER PARK","28"
"","DEL MAR","37"
"","DEL MONTE PARK","27"
"","DEL PASO HEIGHTS","34"
"","DEL REY","10"
"","DEL REY OAKS","27"
"","DEL ROSA","36"
"","DEL SUR","19"
"","DEL VALLE FINANCE","19"
"","DELANO","15"
"","DELANO","54"
"","DELHI","24"
"","DELLEKER","32"
"","DELTA","45"
"","DENAIR","50"
"","DESCANSO","37"
"","DESERT CENTER","33"
"","DESERT EDGE","33"
"","DESERT HOT SPRINGS","33"
"","DESERT LAKE","15"
"","DESERT SHORES","13"
"","DESERT SHORES","33"
"","DEVORE","36"
"","DEVORE HEIGHTS","36"
"","DEVORE HGHTS","36"
"","DI GIORGIO","15"
"","DIABLO","07"
"","DIAMOND","30"
"","DIAMOND BAR","19"
"","DIAMOND SPGS","09"
"","DIAMOND SPRINGS","09"
"","DILLON BEACH","21"
"","DINUBA","10"
"","DINUBA","54"
"","DISCOVERY BAY","07"
"","DIXON","48"
"","DIXON","57"
"","DOBBINS","58"
"","DOCKWEILER","19"
"","DOLOMITE","14"
"","DOMINGUEZ","19"
"","DOMINGUEZ HILLS","19"
"","DONNER","29"
"","DONNER LAKE","29"
"","DORRINGTON","05"
"","DORRIS","47"
"","DOS PALOS","10"
"","DOS PALOS","24"
"","DOS RIOS","23"
"","DOS VIENTOS RANCH","56"
"","DOUGLAS CITY","53"
"","DOUGLAS FLAT","05"
"","DOVE CANYON","30"
"","DOWNEY","19"
"","DOWNIEVILLE","46"
"","DOWTOWN CARRIER ANNEX","19"
"","DOYLE","18"
"","DRYTOWN","03"
"","DSRT HOT SPGS","33"
"","DUARTE","19"
"","DUBLIN","01"
"","DUCOR","54"
"","DULZURA","37"
"","DUNCANS MILLS","49"
"","DUNLAP","10"
"","DUNNIGAN","57"
"","DUNSMUIR","47"
"","DURHAM","04"
"","DUSTIN ACRES","15"
"","DUTCH FLAT","31"
"","E PALO ALTO","41"
"","E PALO ALTO","43"
"","E RNCHO DMNGZ","19"
"","EAGLE MOUNTAIN","33"
"","EAGLE MTN","33"
"","EAGLE ROCK","19"
"","EAGLE TREE","34"
"","EAGLEVILLE","25"
"","EARLIMART","54"
"","EARP","36"
"","EAST COMPTON","19"
"","EAST GRIDLEY","04"
"","EAST HIGHLANDS","36"
"","EAST IRVINE","30"
"","EAST LONG BEACH","19"
"","EAST LOS ANGELES","19"
"","EAST NICOLAUS","19"
"","EAST NICOLAUS","51"
"","EAST OROSI","54"
"","EAST PALMDALE","19"
"","EAST PALO ALTO","41"
"","EAST PALO ALTO","43"
"","EAST QUINCY","32"
"","EAST RANCHO DOMINGUEZ","19"
"","EASTMAN","19"
"","EASTON","10"
"","EASTVALE","33"
"","ECHO LAKE","09"
"","ECHO PARK","19"
"","EDEN VALLEY","31"
"","EDENDALE","19"
"","EDGEMONT","33"
"","EDGEWOOD","47"
"","EDISON","15"
"","EDWARD","15"
"","EDWARDS","15"
"","EDWARDS AIR FORCE BASE","15"
"","EIGHT MILE HOUSE","09"
"","EL CAJON","37"
"","EL CENTRO","13"
"","EL CERRITO","07"
"","EL CERRITO","33"
"","EL DORADO","09"
"","EL DORADO HILLS","09"
"","EL DORADO HLS","09"
"","EL GRANADA","41"
"","EL MACERO","57"
"","EL MIRAGE","36"
"","EL MONTE","19"
"","EL NIDO","24"
"","EL PORTAL","22"
"","EL RIO","56"
"","EL SEGUNDO","19"
"","EL SERENO","19"
"","EL SERENO CAR","19"
"","EL SOBRANTE","07"
"","EL TORO","30"
"","EL VERANO","49"
"","ELDERWOOD","54"
"","ELDRIDGE","49"
"","ELIZABETH LAKE","19"
"","ELIZABETH LK","19"
"","ELK","23"
"","ELK CREEK","11"
"","ELK GROVE","34"
"","ELK RIVER","12"
"","ELMIRA","48"
"","ELSINORE","33"
"","ELVERTA","34"
"","EMERALD HILLS","41"
"","EMERYVILLE","01"
"","EMIGRANT GAP","31"
"","EMIGRANT TRAIL","02"
"","EMPIRE","50"
"","ENCINITAS","37"
"","ENCINO","19"
"","ERWIN LAKE","36"
"","ESCALON","39"
"","ESCONDIDO","37"
"","ESPARTO","57"
"","ESSEX","36"
"","EST LS ANGLS","19"
"","ETIWANDA","36"
"","ETNA","47"
"","EUGENE","50"
"","EUREKA","12"
"","EVERGREEN","43"
"","EXETER","54"
"","FAIR OAKS","34"
"","FAIR OAKS","39"
"","FAIR OAKS RANCH","19"
"","FAIR PLAY","09"
"","FAIRFAX","21"
"","FAIRFIELD","28"
"","FAIRFIELD","48"
"","FAIRMEAD","20"
"","FAIRMONT","07"
"","FAIRMONT","19"
"","FALL RIVER MILLS","45"
"","FALLBROOK","37"
"","FALLEN LEAF","09"
"","FALLON","21"
"","FALLON","49"
"","FALLSVALE","36"
"","FAR","19"
"","FARMERSVILLE","54"
"","FARMINGTON","39"
"","FAWNSKIN","36"
"","FEATHER FALLS","04"
"","FEDERAL","19"
"","FEDERAL","30"
"","FELICITY","13"
"","FELLOWS","15"
"","FELTON","44"
"","FERNDALE","12"
"","FETTERS HOT SPRINGS","49"
"","FIDDLETOWN","03"
"","FIDDLETOWN","09"
"","FIELDBROOK","12"
"","FIELDS LANDING","12"
"","FIELDS LDG","12"
"","FILLMORE","56"
"","FINLEY","17"
"","FIREBAUGH","10"
"","FIREBAUGH","20"
"","FIRESTONE PARK","19"
"","FIRESTONE PK","19"
"","FISH CAMP","20"
"","FISH CAMP","22"
"","FIVE MILE TERRACE","09"
"","FIVE POINTS","10"
"","FL RIVER MLS","45"
"","FLICK POINT","31"
"","FLINT","19"
"","FLINTRIDGE","19"
"","FLORENCE","19"
"","FLORISTON","29"
"","FLOURNOY","52"
"","FOLSOM","09"
"","FOLSOM","34"
"","FONTANA","36"
"","FOOTHILL RANCH","30"
"","FOOTHILL RANCH","36"
"","FOOTHILL RNCH","30"
"","FORBESTOWN","04"
"","FORBESTOWN","58"
"","FOREST CITY","46"
"","FOREST FALLS","36"
"","FOREST KNOLLS","21"
"","FOREST RANCH","04"
"","FORESTHILL","31"
"","FORESTVILLE","49"
"","FORKS OF SALMON","47"
"","FORT BIDWELL","25"
"","FORT BRAGG","23"
"","FORT DICK","08"
"","FORT HUNTER LIGGETT","27"
"","FORT IRWIN","36"
"","FORT JONES","47"
"","FORT MACARTHUR","19"
"","FORT ORD","27"
"","FORT ROSS","49"
"","FORTUNA","12"
"","FOSTER CITY","41"
"","FOUNTAIN VALLEY","30"
"","FOUNTAIN VLY","30"
"","FOUR CORNERS","15"
"","FOUTS SPRINGS","06"
"","FOWLER","10"
"","FOY","19"
"","FRANKLIN","34"
"","FRAZIER PARK","15"
"","FRAZIER PARK","56"
"","FREDRICKSBURG","02"
"","FREEDOM","44"
"","FREEMONT","57"
"","FREESTONE","49"
"","FREMONT","01"
"","FREMONT VALLEY","15"
"","FRENCH CAMP","39"
"","FRENCH CORRAL","29"
"","FRENCH CORRAL","58"
"","FRENCH GULCH","45"
"","FRESH POND","09"
"","FRESNO","10"
"","FRIANT","10"
"","FRIENDLY VALLEY","19"
"","FRK OF SALMON","47"
"","FRS","10"
"","FRUITRIDGE","34"
"","FRUTO","11"
"","FT H LIGGETT","27"
"","FULLERTON","30"
"","FULTON","49"
"","FULTON ACRES","31"
"","GALT","34"
"","GALT","39"
"","GANSER BAR","32"
"","GARBERVILLE","12"
"","GARDEN GROVE","30"
"","GARDEN VALLEY","09"
"","GARDENA","19"
"","GARDENLAND","34"
"","GAREY","42"
"","GARLOCK","15"
"","GASQUET","08"
"","GAVIOTA","42"
"","GAZELLE","47"
"","GENESEE","32"
"","GEORGETOWN","09"
"","GERBER","52"
"","GEYSERVILLE","49"
"","GILMAN HOT SPRINGS","33"
"","GILROY","43"
"","GLASSELL","19"
"","GLASSELL PARK","19"
"","GLEN AVON","33"
"","GLEN ELLEN","49"
"","GLENBROOK HEIGHTS","29"
"","GLENCOE","05"
"","GLENDALE","19"
"","GLENDORA","19"
"","GLENHAVEN","17"
"","GLENN","11"
"","GLENNVILLE","15"
"","GLENSHIRE","29"
"","GLMN HOT SPGS","33"
"","GOFFS","36"
"","GOLD HILL","09"
"","GOLD RIVER","34"
"","GOLD RUN","31"
"","GOLDEN HILLS","15"
"","GOLDEN VALLEY","19"
"","GOLETA","42"
"","GONZALES","27"
"","GOODYEARS BAR","46"
"","GORDA","27"
"","GORMAN","15"
"","GORMAN","19"
"","GOSHEN","54"
"","GRAEAGLE","32"
"","GRANADA HILLS","19"
"","GRAND ISLAND","34"
"","GRAND TERRACE","36"
"","GRANITE BAY","31"
"","GRANITE BAY","34"
"","GRANITEVILLE","29"
"","GRANT GROVE","54"
"","GRASS VALLEY","29"
"","GRATON","49"
"","GRAYSON","50"
"","GREELEY HILL","22"
"","GREELEY HILL","55"
"","GREEN","19"
"","GREEN VALLEY","19"
"","GREEN VALLEY LAKE","36"
"","GREEN VLY LK","36"
"","GREENBRAE","21"
"","GREENFIELD","15"
"","GREENFIELD","27"
"","GREENMEAD","19"
"","GREENVIEW","47"
"","GREENVILLE","01"
"","GREENVILLE","30"
"","GREENVILLE","32"
"","GREENWOOD","09"
"","GRENADA","47"
"","GRIDLEY","04"
"","GRIFFITH","19"
"","GRIMES","06"
"","GRINDSTONE CREEK RANCHERIA","11"
"","GRIZZLY FLAT","09"
"","GRIZZLY FLATS","09"
"","GROVELAND","22"
"","GROVELAND","55"
"","GROVER BEACH","40"
"","GROVER CITY","40"
"","GUADALUPE","42"
"","GUALALA","23"
"","GUASTI","36"
"","GUATAY","37"
"","GUERNEVILLE","49"
"","GUERNEWOOD","49"
"","GUINDA","57"
"","GUSTINE","24"
"","HACIENDA HEIGHTS","19"
"","HACIENDA HTS","19"
"","HALCYON","40"
"","HALF MOON BAY","41"
"","HALLWOOD","58"
"","HAMILTON CITY","11"
"","HAMMIL VALLEY","14"
"","HAMMONTON","58"
"","HAMS STATION","02"
"","HANCOCK","19"
"","HANFORD","16"
"","HANSEN HILLS","19"
"","HAPPY CAMP","47"
"","HARBOR CITY","19"
"","HARMONY","40"
"","HAT CREEK","45"
"","HATHAWAY PINES","05"
"","HATHAWAY PNES","05"
"","HAVASU LAKE","36"
"","HAVILAH","15"
"","HAWAIIAN GARDENS","19"
"","HAWAIIAN GDNS","19"
"","HAWTHORNE","19"
"","HAYFORK","53"
"","HAYWARD","01"
"","HAZARD","19"
"","HEALDSBURG","49"
"","HEATHER GLEN","31"
"","HEBER","13"
"","HELENA","53"
"","HELENDALE","36"
"","HELM","10"
"","HEMET","33"
"","HENDERSON","12"
"","HENDERSON","39"
"","HERALD","34"
"","HERCULES","07"
"","HERITAGE RANCH","40"
"","HERITAGE RNCH","40"
"","HERLONG","18"
"","HERMOSA BEACH","19"
"","HERNDON","10"
"","HESPERIA","36"
"","HI VISTA","19"
"","HICKMAN","50"
"","HIDDEN HILLS","19"
"","HIDDEN VALLEY","56"
"","HIDDEN VALLEY LAKE","17"
"","HIDDEN VL LK","17"
"","HIGHGROVE","33"
"","HIGHLAND","36"
"","HIGHLAND PARK","15"
"","HIGHLAND PARK","19"
"","HIGHLANDS","01"
"","HIGHWAY CITY","10"
"","HILLS FLAT","29"
"","HILLSBOROUGH","41"
"","HILLTOP MALL","07"
"","HILMAR","24"
"","HILT","47"
"","HINKLEY","36"
"","HOBART MILLS","29"
"","HODGE","36"
"","HOLCOMB VILLAGE","33"
"","HOLLISTER","35"
"","HOLLISTER","43"
"","HOLLY PARK","19"
"","HOLLYDALE","19"
"","HOLLYGLEN","19"
"","HOLLYWOOD","19"
"","HOLMES","12"
"","HOLT","39"
"","HOLTVILLE","13"
"","HOLY CITY","43"
"","HOME GARDENS","19"
"","HOME GARDENS","33"
"","HOMELAND","33"
"","HOMEWOOD","31"
"","HONCUT","04"
"","HONEYDEW","12"
"","HOOD","34"
"","HOOPA","12"
"","HOPE VALLEY","02"
"","HOPLAND","23"
"","HORNBROOK","47"
"","HORNITOS","22"
"","HORSE CREEK","47"
"","HOWARD LANDING","34"
"","HUGHSON","50"
"","HUME","10"
"","HUNTINGTN BCH","30"
"","HUNTINGTON","30"
"","HUNTINGTON BEACH","30"
"","HUNTINGTON PARK","19"
"","HUNTINGTON PK","19"
"","HURLETON","04"
"","HURON","10"
"","HYAMPOM","53"
"","HYDESVILLE","12"
"","IDYLLWILD","33"
"","IGNACIO","21"
"","IGO","45"
"","IMOLA","28"
"","IMPERIAL","13"
"","IMPERIAL BCH","37"
"","IMPERIAL BEACH","37"
"","INDEPENDENCE","14"
"","INDIAN WELLS","15"
"","INDIAN WELLS","33"
"","INDIO","33"
"","INDIO HILLS","19"
"","INDUSTRY","19"
"","INGLENOOK","23"
"","INGLEWOOD","19"
"","INVERNESS","21"
"","INYOKERN","15"
"","INYOKERN","54"
"","IONE","03"
"","IOWA HILL","31"
"","IRON MOUNTAIN","02"
"","IRVINE","30"
"","IRWINDALE","19"
"","ISLA VISTA","42"
"","ISLETON","34"
"","IVANHOE","54"
"","JACKSON","03"
"","JACKSONVILLE","55"
"","JACUMBA","37"
"","JAMESTOWN","55"
"","JAMUL","37"
"","JANESVILLE","18"
"","JARBO","04"
"","JENNER","49"
"","JOHANNESBURG","15"
"","JOHANNESBURG","36"
"","JOHNSON PARK","45"
"","JOHNSON VALLEY","36"
"","JOHNSON VLY","36"
"","JOHNSTONVILLE","18"
"","JOHNSTOWN","37"
"","JOHNSVILLE","32"
"","JOLON","27"
"","JONES VALLEY","45"
"","JOSHUA TREE","36"
"","JULIAN","37"
"","JUNCTION CITY","53"
"","JUNE LAKE","26"
"","JUNE LAKE JUNCTION","26"
"","JUNIPER HILLS","19"
"","JURUPA","33"
"","JURUPA VALLEY","33"
"","KAGEL CANYON","19"
"","KAWEAH","54"
"","KCNP","54"
"","KEELER","14"
"","KEENE","15"
"","KEENE SUMMIT","23"
"","KELSEY","09"
"","KELSEYVILLE","17"
"","KELSO","36"
"","KENSINGTON","01"
"","KENSINGTON","07"
"","KENT WOODLANDS","21"
"","KENTFIELD","21"
"","KENWOOD","49"
"","KERMAN","10"
"","KERN CITY","15"
"","KERNVILLE","15"
"","KESWICK","45"
"","KETTLEMAN CITY","16"
"","KETTLEMAN CTY","16"
"","KEYES","50"
"","KEYSTONE","55"
"","KING","30"
"","KING CITY","27"
"","KING SALMON","12"
"","KINGS BEACH","31"
"","KINGS CANYON","54"
"","KINGSBURG","10"
"","KINGSBURG","16"
"","KINGSBURG","54"
"","KINGVALE","29"
"","KIRKWOOD","02"
"","KIRKWOOD","03"
"","KIRKWOOD","31"
"","KIRKWOOD","52"
"","KIT CARSON","03"
"","KLAMATH","08"
"","KLAMATH RIVER","47"
"","KNEELAND","12"
"","KNIGHTS FERRY","50"
"","KNIGHTS LANDING","51"
"","KNIGHTS LANDING","57"
"","KNIGHTS LNDG","57"
"","KNIGHTSEN","07"
"","KORBEL","12"
"","KRAMER JUNCTION","15"
"","KYBURZ","09"
"","LA BARR MEADOWS","29"
"","LA CANADA","19"
"","LA CANADA FLINTRIDGE","19"
"","LA CANADA FLT","19"
"","LA CONCHITA","56"
"","LA CRESCENTA","19"
"","LA GRANGE","22"
"","LA GRANGE","50"
"","LA GRANGE","55"
"","LA HABRA","19"
"","LA HABRA","30"
"","LA HABRA HEIGHTS","19"
"","LA HABRA HEIGHTS","30"
"","LA HABRA HGTS","19"
"","LA HABRA HGTS","30"
"","LA HABRA HTS","19"
"","LA HABRA HTS","30"
"","LA HONDA","41"
"","LA JOLLA","37"
"","LA MESA","37"
"","LA MIRADA","19"
"","LA MIRADA","30"
"","LA PALMA","30"
"","LA PORTE","32"
"","LA PORTE","58"
"","LA PUENTE","19"
"","LA QUINTA","33"
"","LA SELVA BCH","44"
"","LA SELVA BEACH","44"
"","LA SIERRA","33"
"","LA TIJERA","19"
"","LA TUNA CANYON","19"
"","LA VERNE","19"
"","LADERA HEIGHTS","19"
"","LADERA RANCH","30"
"","LAFAYETTE","07"
"","LAGUNA BEACH","30"
"","LAGUNA HILLS","30"
"","LAGUNA NIGUEL","30"
"","LAGUNA WOODS","30"
"","LAGUNITAS","21"
"","LAKE","19"
"","LAKE ALMANOR","18"
"","LAKE ALMANOR","32"
"","LAKE ALMANOR SPORTS & SPIRIT","18"
"","LAKE ALMANOR SPORTS & SPIRIT","32"
"","LAKE ARROWHEAD","36"
"","LAKE BALBOA","19"
"","LAKE CITY","25"
"","LAKE ELIZABETH","19"
"","LAKE ELSINORE","33"
"","LAKE FOREST","30"
"","LAKE FOREST","31"
"","LAKE GREGORY","36"
"","LAKE HUGHES","19"
"","LAKE ISABELLA","15"
"","LAKE LA","19"
"","LAKE LOS ANGELES","19"
"","LAKE MARY","26"
"","LAKE MATHEWS","33"
"","LAKE NACIMIENTO","27"
"","LAKE NACIMIENTO","40"
"","LAKE NATOMA","34"
"","LAKE OF THE PINES","29"
"","LAKE OF THE PINES","31"
"","LAKE OF THE WOODS","15"
"","LAKE SAN MARCOS","37"
"","LAKE SHASTINA","47"
"","LAKE SHERWOOD","56"
"","LAKE VIEW TER","19"
"","LAKE VIEW TERRACE","19"
"","LAKE WILDWOOD","29"
"","LAKEHEAD","45"
"","LAKEPORT","17"
"","LAKESHORE","10"
"","LAKESHORE","31"
"","LAKESHORE LEARNING","19"
"","LAKESIDE","37"
"","LAKEVIEW","33"
"","LAKEVIEW TERRACE","19"
"","LAKEVILLE","49"
"","LAKEWOOD","19"
"","LAMIRADA","19"
"","LAMONT","15"
"","LANCASTER","19"
"","LANDERS","36"
"","LANE","19"
"","LARKFIELD","49"
"","LARKSPUR","21"
"","LAS LOMAS","27"
"","LAS LOMAS","44"
"","LAS PLUMAS","04"
"","LATHROP","39"
"","LATON","10"
"","LATON","16"
"","LATROBE","09"
"","LAWNDALE","19"
"","LAWNDALE","41"
"","LAWS","14"
"","LAYTONVILLE","23"
"","LAYTONVILLE RANCHERIA","23"
"","LE GRAND","24"
"","LEBEC","15"
"","LEE VINING","26"
"","LEESVILLE","06"
"","LEGGETT","23"
"","LEGRAND","43"
"","LEIMERT PARK","19"
"","LEMON COVE","54"
"","LEMON GROVE","37"
"","LEMONCOVE","54"
"","LEMOORE","16"
"","LEMOORE NAS","16"
"","LENNOX","19"
"","LENWOOD","36"
"","LEONA VALLEY","19"
"","LEUCADIA","37"
"","LEWISTON","53"
"","LIBERTY FARMS","48"
"","LIKELY","25"
"","LINCOLN","31"
"","LINCOLN ACRES","37"
"","LINCOLN HEIGHTS","19"
"","LINCOLN HTS","19"
"","LINDA","58"
"","LINDA VISTA","37"
"","LINDCOVE","54"
"","LINDEN","39"
"","LINDSAY","54"
"","LINNELL","54"
"","LITCHFIELD","18"
"","LITTLE LAKE","14"
"","LITTLE RIVER","23"
"","LITTLE VALLEY","18"
"","LITTLE VALLEY","45"
"","LITTLERIVER","23"
"","LITTLEROCK","19"
"","LIVE OAK","34"
"","LIVE OAK","44"
"","LIVE OAK","51"
"","LIVERMORE","01"
"","LIVINGSTON","24"
"","LK ARROWHEAD","36"
"","LK ELSINORE","33"
"","LLANO","19"
"","LOCH LOMOND","17"
"","LOCKE","34"
"","LOCKEFORD","39"
"","LOCKHART","36"
"","LOCKWOOD","27"
"","LODI","39"
"","LODOGA","06"
"","LOLETA","12"
"","LOMA LINDA","36"
"","LOMA MAR","41"
"","LOMA RICA","58"
"","LOMITA","19"
"","LOMPICO","44"
"","LOMPOC","42"
"","LONDON","54"
"","LONE PINE","14"
"","LONG BARN","55"
"","LONG BEACH","19"
"","LONG ISLAND","34"
"","LOOKOUT","25"
"","LOOMIS","31"
"","LOOP","19"
"","LORAINE","15"
"","LOS ALAMITOS","30"
"","LOS ALAMOS","30"
"","LOS ALAMOS","42"
"","LOS ALTOS","43"
"","LOS ALTOS HILLS","43"
"","LOS ANGELES","19"
"","LOS ANGLS AFB","19"
"","LOS BANOS","24"
"","LOS FELIZ","19"
"","LOS GATOS","43"
"","LOS GATOS","44"
"","LOS MOLINOS","52"
"","LOS NIETOS","19"
"","LOS OLIVOS","42"
"","LOS OSOS","40"
"","LOS SERRANOS","36"
"","LOST HILLS","15"
"","LOST LAKE","33"
"","LOTUS","09"
"","LOVELOCK","04"
"","LOWER LAKE","17"
"","LOYALTON","46"
"","LUCERNE","17"
"","LUCERNE VALLEY","36"
"","LUCERNE VLY","36"
"","LUCIA","27"
"","LUDLOW","36"
"","LUGO","19"
"","LYNWOOD","19"
"","LYOTH","39"
"","LYTLE CREEK","36"
"","LYTTON","49"
"","MACDOEL","47"
"","MAD RIVER","12"
"","MAD RIVER","53"
"","MADELINE","18"
"","MADERA","20"
"","MADISON","57"
"","MAGALIA","04"
"","MAGRA","31"
"","MALAGA","10"
"","MALIBU","19"
"","MALIBU","56"
"","MAMMOTH LAKES","26"
"","MANCHESTER","23"
"","MANCHESTER RANCHERIA","23"
"","MANHATTAN BCH","19"
"","MANHATTAN BEACH","19"
"","MANILA","12"
"","MANTECA","39"
"","MANTON","45"
"","MANTON","52"
"","MANZANITA","04"
"","MAR VISTA","19"
"","MARCH AIR RESERVE BASE","33"
"","MARCH ARB","33"
"","MARE ISLAND","48"
"","MARICOPA","15"
"","MARIGOLD","36"
"","MARIN CITY","21"
"","MARINA","27"
"","MARINA DEL REY","19"
"","MARINA DL REY","19"
"","MARINWOOD","21"
"","MARIPOSA","22"
"","MARKET","19"
"","MARKLEEVILLE","02"
"","MARSHALL","21"
"","MARTELL","03"
"","MARTINEZ","07"
"","MARYSVILLE","58"
"","MASSACK","32"
"","MAXWELL","06"
"","MAYWOOD","19"
"","MC FARLAND","15"
"","MC KINLEYVILLE","12"
"","MC KITTRICK","15"
"","MCARTHUR","18"
"","MCARTHUR","45"
"","MCCLELLAN","34"
"","MCCLELLAN AIR FORCE BASE","34"
"","MCCLOUD","47"
"","MCFARLAND","15"
"","MCKINLEYVILLE","12"
"","MCKITTRICK","15"
"","MEAD VALLEY","33"
"","MEADOW VALLEY","32"
"","MEADOW VISTA","31"
"","MEADOWBROOK","33"
"","MECCA","33"
"","MEEKS BAY","09"
"","MEINERS OAKS","56"
"","MENDOCINO","23"
"","MENDOTA","10"
"","MENIFEE","33"
"","MENLO PARK","41"
"","MENLO PK","41"
"","MENTONE","36"
"","MERCED","24"
"","MERIDIAN","51"
"","MESA VERDE","33"
"","MESA VISTA","02"
"","METLER VALLEY","19"
"","METTLER","15"
"","MEYERS","09"
"","MEYERS FLAT","12"
"","MI WUK VILLAGE","55"
"","MI WUK VLG","55"
"","MICHIGAN BLUFF","31"
"","MIDDLETOWN","17"
"","MIDPINES","22"
"","MIDWAY CITY","30"
"","MILFORD","18"
"","MILL CREEK","52"
"","MILL VALLEY","21"
"","MILLBRAE","41"
"","MILLS","38"
"","MILLS ORCHARD","11"
"","MILLVILLE","45"
"","MILPITAS","43"
"","MILTON","05"
"","MINERAL","52"
"","MINKLER","10"
"","MINT CANYON","19"
"","MIRA LOMA","33"
"","MIRA MESA","37"
"","MIRADA","19"
"","MIRAMAR","37"
"","MIRAMONTE","10"
"","MIRAMONTE","54"
"","MIRANDA","12"
"","MISSION HILLS","19"
"","MISSION RAFAEL","21"
"","MISSION SAN JOSE","01"
"","MISSION VALLEY","37"
"","MISSION VIEJO","30"
"","MOCCASIN","55"
"","MOCCASIN CREEK","55"
"","MODESTO","50"
"","MODESTO BRM ZIP","50"
"","MODJESKA","30"
"","MODJESKA CANYON","30"
"","MOFFETT FIELD","43"
"","MOJAVE","15"
"","MOKELUMNE HILL","05"
"","MOKELUMNE HL","05"
"","MONARCH BAY","30"
"","MONARCH BEACH","30"
"","MONO CITY","26"
"","MONO HOT SPGS","10"
"","MONO HOT SPRINGS","10"
"","MONO LAKE","26"
"","MONOLITH","15"
"","MONROVIA","19"
"","MONT PARK","19"
"","MONT PK","19"
"","MONTAGUE","47"
"","MONTALVO","56"
"","MONTARA","41"
"","MONTCLAIR","36"
"","MONTE NIDO","19"
"","MONTE RIO","49"
"","MONTE SERENO","43"
"","MONTE VISTA","36"
"","MONTE VISTA","43"
"","MONTEBELLO","19"
"","MONTECITO","42"
"","MONTEREY","27"
"","MONTEREY PARK","19"
"","MONTEREY PK","19"
"","MONTGOMERY CREEK","45"
"","MONTGOMRY CRK","45"
"","MONTROSE","19"
"","MOONRIDGE","36"
"","MOORPARK","56"
"","MORADA","39"
"","MORAGA","07"
"","MORENO","33"
"","MORENO VALLEY","33"
"","MORGAN HILL","43"
"","MORMON ISLAND","34"
"","MORONGO VALLEY","36"
"","MORONGO VLY","36"
"","MORRO BAY","40"
"","MOSS BEACH","41"
"","MOSS LANDING","27"
"","MOUNT AUKUM","03"
"","MOUNT AUKUM","09"
"","MOUNT BALDY","36"
"","MOUNT EDEN","01"
"","MOUNT HAMILTON","43"
"","MOUNT HERMON","44"
"","MOUNT LAGUNA","37"
"","MOUNT MESA","15"
"","MOUNT SHASTA","47"
"","MOUNT SIGNAL","13"
"","MOUNT WILSON","19"
"","MOUNTAIN CENTER","33"
"","MOUNTAIN CTR","33"
"","MOUNTAIN GATE","45"
"","MOUNTAIN HOME VILLAGE","36"
"","MOUNTAIN HOUSE","39"
"","MOUNTAIN MESA","15"
"","MOUNTAIN PASS","36"
"","MOUNTAIN RANCH","05"
"","MOUNTAIN VIEW","43"
"","MT BALDY","19"
"","MT HAMILTON","43"
"","MT VIEW","43"
"","MTN HOUSE","39"
"","MTN RANCH","05"
"","MUIR BEACH","21"
"","MUIR WOODS","21"
"","MURPHYS","05"
"","MURRAY","16"
"","MURRIETA","33"
"","MURRIETA HOT SPRINGS","33"
"","MUSCOY","36"
"","MYERS FLAT","12"
"","N HIGHLANDS","34"
"","N HOLLYWOOD","19"
"","N PALM SPGS","33"
"","N PALM SPRINGS","33"
"","N RICHMOND","07"
"","N SAN JUAN","29"
"","NACIMIENTO LAKE","27"
"","NACIMIENTO LAKE","40"
"","NAPA","28"
"","NAPA","48"
"","NAPLES","19"
"","NAS LEMOORE","16"
"","NASHVILLE","09"
"","NATIONAL CITY","37"
"","NAVAL BASE VENTURA COUNTY","56"
"","NAVARRO","23"
"","NAVELENCIA","10"
"","NEEDLES","36"
"","NEENACH","19"
"","NELSON","04"
"","NESTOR","37"
"","NEVADA CITY","29"
"","NEW ALMADEN","43"
"","NEW CUYAMA","42"
"","NEW IDRIA","35"
"","NEW PINE CREEK","25"
"","NEWARK","01"
"","NEWBERRY","36"
"","NEWBERRY SPGS","36"
"","NEWBERRY SPRINGS","36"
"","NEWBURY PARK","56"
"","NEWCASTLE","31"
"","NEWELL","25"
"","NEWELL","47"
"","NEWHALL","19"
"","NEWMAN","24"
"","NEWMAN","50"
"","NEWPORT BEACH","30"
"","NEWPORT COAST","30"
"","NEWTOWN","09"
"","NEWVILLE","11"
"","NICASIO","21"
"","NICE","17"
"","NICOLAUS","51"
"","NILAND","13"
"","NIMBUS","34"
"","NIMSHEW","04"
"","NIPINNAWASSEE","20"
"","NIPOMO","40"
"","NIPTON","36"
"","NO PALM SPRINGS","33"
"","NORCO","33"
"","NORD","04"
"","NORDEN","29"
"","NORDEN","31"
"","NORTH BLOOMFIELD","29"
"","NORTH COLUMBIA","29"
"","NORTH EDWARDS","15"
"","NORTH FORK","20"
"","NORTH HIGHLANDS","34"
"","NORTH HILLS","19"
"","NORTH HOLLYWOOD","19"
"","NORTH ISLAND","37"
"","NORTH LOMA LINDA","36"
"","NORTH LONG BEACH","19"
"","NORTH PALM SPRINGS","33"
"","NORTH RICHMOND","07"
"","NORTH SACRAMENTO","34"
"","NORTH SAN JUAN","29"
"","NORTH SAN JUAN","46"
"","NORTH SHORE","33"
"","NORTH STAR","31"
"","NORTH TUSTIN","30"
"","NORTHCREST","08"
"","NORTHRIDGE","19"
"","NORTHSTAR","29"
"","NORWALK","19"
"","NOVATO","21"
"","NOYO","23"
"","NUBIEBER","18"
"","NUEVO","33"
"","NUT TREE","48"
"","NYLAND ACRES","56"
"","O NEALS","20"
"","OAK","45"
"","OAK GLEN","36"
"","OAK GROVE","04"
"","OAK HILLS","36"
"","OAK PARK","19"
"","OAK PARK","56"
"","OAK RUN","45"
"","OAK SHORES","27"
"","OAK VIEW","56"
"","OAKDALE","39"
"","OAKDALE","50"
"","OAKHURST","20"
"","OAKLAND","01"
"","OAKLAND","07"
"","OAKLEY","07"
"","OAKVILLE","28"
"","OAKWOOD","19"
"","OBRIEN","45"
"","OCCIDENTAL","49"
"","OCEAN BEACH","37"
"","OCEAN PARK","19"
"","OCEANO","40"
"","OCEANSIDE","37"
"","OCOTILLO","13"
"","OILDALE","15"
"","OJAI","56"
"","OLANCHA","14"
"","OLD SHASTA","45"
"","OLD STATION","45"
"","OLEMA","21"
"","OLINDA","45"
"","OLIVEHURST","58"
"","OLIVENHAIN","37"
"","OLYMPIA","44"
"","OLYMPIC VALLEY","31"
"","OLYMPIC VLY","31"
"","OMO RANCH","09"
"","ONE HUNDRED PALMS","33"
"","ONEALS","20"
"","ONO","45"
"","ONTARIO","36"
"","ONYX","15"
"","OPHIR","31"
"","ORANGE","30"
"","ORANGE COVE","10"
"","ORANGEVALE","34"
"","ORCUTT","42"
"","ORDBEND","11"
"","OREGON CITY","04"
"","OREGON HOUSE","58"
"","ORICK","12"
"","ORINDA","07"
"","ORLAND","11"
"","ORLAND","52"
"","ORLEANS","12"
"","ORO GRANDE","36"
"","OROSI","54"
"","OROVILLE","04"
"","OROVILLE","32"
"","OUT OF STATE","98"
"","OUTINGDALE","09"
"","OXNARD","56"
"","PACHECO","07"
"","PACIFIC","19"
"","PACIFIC AREA OFFICE","38"
"","PACIFIC BEACH","37"
"","PACIFIC GROVE","27"
"","PACIFIC HOUSE","09"
"","PACIFIC PALISADES","19"
"","PACIFIC PLSDS","19"
"","PACIFIC VALLEY","27"
"","PACIFICA","41"
"","PACOIMA","19"
"","PAICINES","35"
"","PAINTERSVILLE","34"
"","PAJARO","27"
"","PAJARO","44"
"","PALA","37"
"","PALERMO","04"
"","PALM DESERT","33"
"","PALM SPRINGS","33"
"","PALMDALE","19"
"","PALMS","19"
"","PALO ALTO","41"
"","PALO ALTO","43"
"","PALO CEDRO","45"
"","PALO VERDE","13"
"","PALOMAR MOUNTAIN","37"
"","PALOMAR MTN","37"
"","PALOMAR PARK","41"
"","PALOS VERDES","19"
"","PALOS VERDES ESTATES","19"
"","PALOS VERDES PENINSULA","19"
"","PANAMINT SPRINGS","14"
"","PANOCHE","35"
"","PANORAMA CITY","19"
"","PARADISE","04"
"","PARADISE PARK","44"
"","PARADISE PINES","04"
"","PARAMOUNT","19"
"","PARKER DAM","36"
"","PARKFIELD","40"
"","PARLIER","10"
"","PASADENA","19"
"","PASKENTA","52"
"","PASO ROBLES","40"
"","PATTERSON","50"
"","PATTON","36"
"","PATTON VILLAGE","18"
"","PAUMA VALLEY","37"
"","PAYNES CREEK","52"
"","PEANUT","53"
"","PEARBLOSSOM","19"
"","PEARDALE","29"
"","PEARSONVILLE","14"
"","PEARSONVILLE","15"
"","PEBBLE BEACH","27"
"","PEDDLER HILL","02"
"","PEDLEY","33"
"","PENN VALLEY","29"
"","PENNGROVE","49"
"","PENNINGTON","51"
"","PENRYN","31"
"","PENTZ","04"
"","PERMANENTE","43"
"","PERRIS","33"
"","PESCADERO","41"
"","PETALUMA","21"
"","PETALUMA","49"
"","PETROLIA","12"
"","PHELAN","36"
"","PHILLIPS RANCH","19"
"","PHILLIPS RNCH","19"
"","PHILLIPSVILLE","12"
"","PHILO","23"
"","PICO HEIGHTS","19"
"","PICO RIVERA","19"
"","PIEDMONT","01"
"","PIEDMONTXXX","01"
"","PIEDRA","10"
"","PIERCY","23"
"","PIKE","29"
"","PIKE","46"
"","PIKE CITY","46"
"","PILOT HILL","09"
"","PINE BLUFF","34"
"","PINE COVE","33"
"","PINE FLAT","54"
"","PINE GROVE","03"
"","PINE GROVE","45"
"","PINE MOUNTAIN","15"
"","PINE MOUNTAIN CLUB","15"
"","PINE MOUNTAIN LAKE","55"
"","PINE VALLEY","37"
"","PINECREST","55"
"","PINEDALE","10"
"","PINEHURST","10"
"","PINERIDGE","10"
"","PINNACLES","35"
"","PINOLE","07"
"","PINON HILLS","36"
"","PINYON PINES","33"
"","PIONEER","02"
"","PIONEER","03"
"","PIONEER POINT","36"
"","PIONEER TOWN","36"
"","PIONEERTOWN","36"
"","PIRU","56"
"","PISMO BEACH","40"
"","PITTSBURG","07"
"","PITTVILLE","18"
"","PITTVILLE","45"
"","PIXLEY","54"
"","PLACENTIA","30"
"","PLACERVILLE","09"
"","PLAINVIEW","54"
"","PLANADA","24"
"","PLANO","54"
"","PLANTATION","49"
"","PLATINA","45"
"","PLATINA","52"
"","PLAYA","30"
"","PLAYA DEL REY","19"
"","PLAYA VISTA","19"
"","PLEASANT GROVE","31"
"","PLEASANT GROVE","51"
"","PLEASANT GRV","51"
"","PLEASANT HILL","07"
"","PLEASANT VALLEY","09"
"","PLEASANTON","01"
"","PLS VRDS EST","19"
"","PLS VRDS PNSL","19"
"","PLUMAS LAKE","58"
"","PLYMOUTH","03"
"","POINT ARENA","23"
"","POINT MUGU","56"
"","POINT MUGU NAWC","56"
"","POINT REYES STATION","21"
"","POINT RICHMOND","07"
"","POINT SUR","27"
"","POLLOCK PINES","09"
"","POMONA","19"
"","POMONA","36"
"","POND","15"
"","POPE VALLEY","28"
"","POPLAR","54"
"","PORT CHICAGO","07"
"","PORT COSTA","07"
"","PORT HUENEME","56"
"","PORTER RANCH","19"
"","PORTERVILLE","54"
"","PORTOLA","32"
"","PORTOLA HILLS","30"
"","PORTOLA VALLEY","41"
"","PORTOLA VALLY","41"
"","POSEY","54"
"","POST OFFICE","30"
"","POTRERO","37"
"","POTTER VALLEY","23"
"","POWAY","37"
"","POZO","40"
"","PRATHER","10"
"","PRATTVILLE","32"
"","PRESIDIO","38"
"","PRESIDIO MTRY","27"
"","PRESIDIO OF MONTEREY","27"
"","PRESIDIO OF SAN FRANCISCO","38"
"","PREUSS","19"
"","PRINCETON","06"
"","PRINCETON","11"
"","PRINCETON BY THE SEA","41"
"","PROBERTA","52"
"","PROJECT CITY","45"
"","PROSSER LAKEVIEW","29"
"","PRT HUENEME","56"
"","PRUNEDALE","27"
"","PT MUGU NAWC","56"
"","PT REYES STA","21"
"","PT RICHMOND","07"
"","PUDDING CREEK","23"
"","PULGA","04"
"","PUMPKIN CENTER","15"
"","PUMPKIN CTR","15"
"","QUAIL VALLEY","33"
"","QUARTZ HILL","19"
"","QUINCY","32"
"","RACKERBY","58"
"","RAGGED POINT","40"
"","RAIL RD FLAT","05"
"","RAIL ROAD FLAT","05"
"","RAILROAD FLAT","05"
"","RAINBOW","18"
"","RAINBOW","37"
"","RAISIN","10"
"","RAISIN CITY","10"
"","RAMONA","37"
"","RANCHITA","37"
"","RANCHO BELAGO","33"
"","RANCHO BERNARDO","37"
"","RANCHO CALIFORNIA","33"
"","RANCHO CALIFORNIA","36"
"","RANCHO CORDOVA","34"
"","RANCHO CUCAMONGA","36"
"","RANCHO DOMINGUEZ","19"
"","RANCHO LA TUNA CANYON","19"
"","RANCHO MIRAGE","33"
"","RANCHO MURIETA","34"
"","RANCHO PALOS VERDES","19"
"","RANCHO PARK","19"
"","RANCHO SANTA FE","37"
"","RANCHO SANTA MARGARITA","30"
"","RANCHO STA MARG","30"
"","RANCHO TEHAMA","52"
"","RANDALL ISLAND","34"
"","RANDSBURG","15"
"","RAVENDALE","18"
"","RAYMOND","20"
"","RCH CUCAMONGA","36"
"","RCH PALOS VRD","19"
"","RCHO SANTA FE","37"
"","RCHO STA MARG","30"
"","RED BLUFF","52"
"","RED MOUNTAIN","36"
"","REDCREST","12"
"","REDDING","45"
"","REDLANDS","36"
"","REDONDO BEACH","19"
"","REDWAY","12"
"","REDWOOD CITY","41"
"","REDWOOD EST","43"
"","REDWOOD ESTATES","43"
"","REDWOOD LODGE","23"
"","REDWOOD VALLEY","23"
"","REDWOOD VLY","23"
"","REEDLEY","10"
"","REEDLEY","54"
"","RENAISSANCE","58"
"","REPRESA","34"
"","RESCUE","09"
"","RESEDA","19"
"","RESIGHINI RANCHERIA","12"
"","RIALTO","36"
"","RICHARDSON SPRINGS","04"
"","RICHFIELD","52"
"","RICHGROVE","54"
"","RICHMOND","07"
"","RICHVALE","04"
"","RIDGECREST","15"
"","RIDGECREST","36"
"","RIDGEWOOD","31"
"","RIMFOREST","36"
"","RIMPAU","19"
"","RIMROCK","36"
"","RIO DEL MAR","44"
"","RIO DELL","12"
"","RIO LINDA","34"
"","RIO NIDO","49"
"","RIO OSO","51"
"","RIO VISTA","34"
"","RIO VISTA","48"
"","RIPLEY","33"
"","RIPON","39"
"","RIVER KERN","15"
"","RIVER PINES","03"
"","RIVERBANK","50"
"","RIVERDALE","10"
"","RIVERDALE","16"
"","RIVERSIDE","33"
"","RIVERTON","09"
"","RLLNG HLS EST","19"
"","RMX","36"
"","RNCHO CORDOVA","34"
"","RNCHO DOMINGZ","19"
"","RNCHO MURIETA","34"
"","ROBBINS","51"
"","ROBINSON RANCH","30"
"","ROBINSON RNCH","30"
"","ROBINSONS CORNER","04"
"","ROBLES DEL RIO","27"
"","ROCK CREEK","32"
"","ROCK CREST","32"
"","ROCKLIN","31"
"","ROCKPORT","23"
"","RODALE PRESS","19"
"","RODEO","07"
"","ROGERS FLAT","32"
"","ROHNERT PARK","49"
"","ROLAND HEIGHTS","19"
"","ROLINDA","10"
"","ROLLING HILLS","19"
"","ROLLING HILLS ESTATES","19"
"","ROMOLA","36"
"","ROMOLAND","33"
"","ROOSEVELT CORNER","19"
"","ROSAMOND","15"
"","ROSELAND","49"
"","ROSEMEAD","19"
"","ROSEVILLE","31"
"","ROSEWOOD","12"
"","ROSEWOOD","19"
"","ROSS","21"
"","ROSSMOOR","30"
"","ROUGH AND READY","29"
"","ROUGH READY","29"
"","ROUND MOUNTAIN","45"
"","ROUND MTN","45"
"","ROUND VALLEY","14"
"","ROVANA","14"
"","ROWLAND HEIGHTS","19"
"","ROWLAND HGHTS","19"
"","ROWLAND HGTS","19"
"","ROYAL OAKS","27"
"","ROYAL OAKS","44"
"","RSM","30"
"","RUBICON BAY","09"
"","RUBIDOUX","33"
"","RUMSEY","57"
"","RUNNING SPGS","36"
"","RUNNING SPRINGS","36"
"","RUSSIAN RIVER","49"
"","RUSSIAN RIVER MDWS","49"
"","RUTH","12"
"","RUTH","53"
"","RUTHERFORD","28"
"","RYAN","14"
"","RYDE","34"
"","RYER ISLAND","34"
"","S DOS PALOS","24"
"","S EL MONTE","19"
"","S LAKE TAHOE","09"
"","S PASADENA","19"
"","S SAN FRAN","41"
"","S SAN FRANCISCO","41"
"","SACRAMENTO","34"
"","SAGE","33"
"","SAINT HELENA","28"
"","SALIDA","50"
"","SALINAS","27"
"","SALMON CREEK","49"
"","SALTON CITY","13"
"","SALTON SEA BEACH","13"
"","SALTON SEA BEACH","33"
"","SALYER","53"
"","SAMOA","12"
"","SAN ANDREAS","05"
"","SAN ANSELMO","21"
"","SAN ANTONIO","21"
"","SAN ARDO","27"
"","SAN BENITO","35"
"","SAN BERNADINO STATE COLLEGE","36"
"","SAN BERNARDINO","36"
"","SAN BRUNO","41"
"","SAN BUENAVENTURA","56"
"","SAN CARLOS","41"
"","SAN CLEMENTE","30"
"","SAN DIEGO","37"
"","SAN DIEGO NAVAL STATION","37"
"","SAN DIMAS","19"
"","SAN FERNANDO","19"
"","SAN FRANCISCO","38"
"","SAN FRANCISCO","41"
"","SAN GABRIEL","19"
"","SAN GERONIMO","21"
"","SAN GREGORIO","41"
"","SAN JACINTO","33"
"","SAN JOAQUIN","10"
"","SAN JOSE","43"
"","SAN JUAN BAUTISTA","35"
"","SAN JUAN CAPISTRANO","30"
"","SAN JUAN CAPO","30"
"","SAN LEANDRO","01"
"","SAN LORENZO","01"
"","SAN LUCAS","27"
"","SAN LUIS OBISPO","40"
"","SAN LUIS REY","37"
"","SAN MARCOS","37"
"","SAN MARIN","21"
"","SAN MARINO","19"
"","SAN MARTIN","43"
"","SAN MATEO","41"
"","SAN MIGUEL","27"
"","SAN MIGUEL","40"
"","SAN PABLO","07"
"","SAN PEDRO","19"
"","SAN QUENTIN","21"
"","SAN RAFAEL","21"
"","SAN RAMON","07"
"","SAN SIMEON","40"
"","SAN YSIDRO","37"
"","SAND CANYON","15"
"","SAND CITY","27"
"","SANDBERG","19"
"","SANDY KORNER","33"
"","SANDY VALLEY","36"
"","SANFORD","19"
"","SANGER","10"
"","SANTA ANA","30"
"","SANTA ANA HEIGHTS","30"
"","SANTA BARBARA","42"
"","SANTA CATALINA","19"
"","SANTA CLARA","43"
"","SANTA CLARITA","19"
"","SANTA CRUZ","44"
"","SANTA FE SPGS","19"
"","SANTA FE SPRINGS","19"
"","SANTA MARGAR","40"
"","SANTA MARGARITA","40"
"","SANTA MARIA","40"
"","SANTA MARIA","42"
"","SANTA MONICA","19"
"","SANTA NELLA","24"
"","SANTA PAULA","56"
"","SANTA RITA PARK","24"
"","SANTA RITA PK","24"
"","SANTA ROSA","49"
"","SANTA ROSA VA","56"
"","SANTA ROSA VALLEY","56"
"","SANTA SUSANA","56"
"","SANTA VENETIA","21"
"","SANTA WESTERN","19"
"","SANTA YNEZ","42"
"","SANTA YSABEL","37"
"","SANTEE","37"
"","SARATOGA","43"
"","SARATOGA HILLS","19"
"","SARATOGA HLS","19"
"","SATICOY","56"
"","SATTLEY","46"
"","SAUGUS","19"
"","SAUSALITO","21"
"","SAWYERS BAR","47"
"","SCHELLVILLE","49"
"","SCOTIA","12"
"","SCOTT BAR","47"
"","SCOTTS VALLEY","44"
"","SEACLIFF","44"
"","SEAL BEACH","30"
"","SEASCAPE","44"
"","SEASIDE","27"
"","SEBASTOPOL","49"
"","SEELEY","13"
"","SEIAD VALLEY","47"
"","SELMA","10"
"","SENECA","32"
"","SEPULVEDA","19"
"","SEQ NATL PK","54"
"","SEQUOIA NATIONAL PARK","54"
"","SERENE LAKES","29"
"","SEVEN OAKS","36"
"","SHADOW HILLS","17"
"","SHADOW HILLS","19"
"","SHADY GLEN","31"
"","SHAFTER","15"
"","SHANDON","40"
"","SHARON","20"
"","SHARP PARK","41"
"","SHASTA","45"
"","SHASTA DAM","45"
"","SHASTA LAKE","45"
"","SHAVER LAKE","10"
"","SHEEP RANCH","05"
"","SHELL BEACH","40"
"","SHELTER COVE","12"
"","SHERIDAN","31"
"","SHERIDAN","49"
"","SHERMAN OAKS","19"
"","SHERMAN VILLAGE","19"
"","SHERMAN VLG","19"
"","SHERWOOD VALLEY RANCHERIA","23"
"","SHINGLE SPGS","09"
"","SHINGLE SPRINGS","09"
"","SHINGLETOWN","45"
"","SHOSHONE","14"
"","SIERRA CITY","46"
"","SIERRA MADRE","19"
"","SIERRA VILLAGE","55"
"","SIERRAVILLE","46"
"","SIGNAL HILL","19"
"","SILVER FORK","09"
"","SILVER LAKE","03"
"","SILVER LAKE","19"
"","SILVER LAKES","36"
"","SILVERADO","30"
"","SIMI VALLEY","56"
"","SISQUOC","42"
"","SITES","06"
"","SKY VALLEY","33"
"","SKYFOREST","36"
"","SLEEPY VALLEY","19"
"","SLOUGHHOUSE","34"
"","SMARTSVILLE","29"
"","SMARTSVILLE","58"
"","SMILEY HEIGHTS","36"
"","SMITH RIVER","08"
"","SMITHFLAT","09"
"","SMOKE TREE","33"
"","SN BERNRDNO","36"
"","SN JUN BATSTA","35"
"","SN LUIS OBISP","40"
"","SNELLING","24"
"","SNOWLINE CAMP","09"
"","SODA SPRINGS","29"
"","SOLANA BEACH","37"
"","SOLANO BEACH","37"
"","SOLEDAD","27"
"","SOLVANG","42"
"","SOMERSET","09"
"","SOMES BAR","47"
"","SOMESBAR","47"
"","SOMIS","56"
"","SONOMA","49"
"","SONORA","55"
"","SOQUEL","44"
"","SOULSBYVILLE","55"
"","SOUTH","19"
"","SOUTH DOS PALOS","24"
"","SOUTH EL MONTE","19"
"","SOUTH GATE","19"
"","SOUTH LAGUNA","30"
"","SOUTH LAKE","15"
"","SOUTH LAKE TAHOE","09"
"","SOUTH MAIN","30"
"","SOUTH OROVILLE","04"
"","SOUTH PASADENA","19"
"","SOUTH SAN FRANCIS","41"
"","SOUTH SAN FRANCISCO","41"
"","SOUTH SAN GABRIEL","19"
"","SOUTHPORT","57"
"","SPANISH FLAT","28"
"","SPANISH RANCH","32"
"","SPAULDING","18"
"","SPG VALLEY LK","36"
"","SPRECKELS","27"
"","SPRING GARDEN","32"
"","SPRING HILL","29"
"","SPRING VALLEY","37"
"","SPRING VALLEY LAKE","36"
"","SPRINGVILLE","54"
"","SPRINGVILLE","56"
"","SQUAW VALLEY","10"
"","SQUAW VALLEY","31"
"","STALLION SPGS","15"
"","STALLION SPRINGS","15"
"","STANDARD","55"
"","STANDISH","18"
"","STANFORD","43"
"","STANFORD RANCH","31"
"","STANISLAUS","55"
"","STANTON","30"
"","STARLIGHT HILLS","19"
"","STATELINE","09"
"","STEVENSON RANCH","19"
"","STEVENSON RNH","19"
"","STEVINSON","24"
"","STEWARTS POINT","49"
"","STEWARTS POINT RANCHERIA","49"
"","STEWARTS PT","49"
"","STINSON BEACH","21"
"","STIRLING CITY","04"
"","STOCKTON","39"
"","STOCKTON BRM ZIP","39"
"","STONYFORD","06"
"","STORRIE","32"
"","STOVE PIPE WELLS","14"
"","STRATFORD","16"
"","STRATHMORE","54"
"","STRAWBERRY","09"
"","STRAWBERRY","21"
"","STRAWBERRY","55"
"","STRAWBERRY POINT","21"
"","STRAWBERRY VALLEY","58"
"","STRAWBRRY VLY","58"
"","STUDIO CITY","19"
"","SUGAR PINE","20"
"","SUGARLOAF","36"
"","SUISUN CITY","48"
"","SUISUN VALLEY","28"
"","SULPHUR BANK RANCHERIA","17"
"","SULTANA","54"
"","SUMMERLAND","42"
"","SUMMIT CITY","45"
"","SUN CITY","33"
"","SUN VALLEY","19"
"","SUN VILLAGE","19"
"","SUNKIST","30"
"","SUNLAND","19"
"","SUNNYBROOK","03"
"","SUNNYMEAD","33"
"","SUNNYVALE","43"
"","SUNOL","01"
"","SUNSET BEACH","30"
"","SUNSET VIEW","29"
"","SUNSET WHITNEY RANCH","31"
"","SURFSIDE","30"
"","SUSANVILLE","18"
"","SUTTER","51"
"","SUTTER CREEK","03"
"","SUTTER HILL","03"
"","SUTTER ISLAND","34"
"","SWALL MEADOWS","14"
"","SWANSBORO COUNTRY","09"
"","SWANSEA","14"
"","SWEET BRIER","45"
"","SWEETLAND","29"
"","SWEETLAND","46"
"","SYCAMORE","51"
"","SYLMAR","19"
"","TAFT","15"
"","TAHOE CITY","31"
"","TAHOE DONNER","29"
"","TAHOE PARADISE","09"
"","TAHOE PINES","31"
"","TAHOE VALLEY","09"
"","TAHOE VISTA","31"
"","TAHOMA","09"
"","TAHOMA","31"
"","TALMAGE","23"
"","TAMAL","21"
"","TAMALPAIS VALLEY","21"
"","TARA HILLS","07"
"","TARZANA","19"
"","TASSAJARA CANYON","40"
"","TASSAJARA HOT SPRINGS","27"
"","TAYLORSVILLE","29"
"","TAYLORSVILLE","32"
"","TECATE","37"
"","TECOPA","14"
"","TECOPA HOT SPRINGS","14"
"","TEHACHAPI","15"
"","TEHAMA","52"
"","TEMECULA","33"
"","TEMPLE CITY","19"
"","TEMPLETON","40"
"","TERMINAL ISLAND","19"
"","TERMO","18"
"","TERRA BELLA","54"
"","TERRA LINDA","21"
"","TEXTILE FINANCE","19"
"","THE CEDARS","29"
"","THE GEYSERS","49"
"","THE SEA RANCH","23"
"","THE SEA RANCH","49"
"","THERMAL","13"
"","THERMAL","33"
"","THERMALITO","04"
"","THORNTON","39"
"","THOUSAND OAKS","19"
"","THOUSAND OAKS","56"
"","THOUSAND PALMS","33"
"","THOUSAND PLMS","33"
"","THREE POINTS","19"
"","THREE RIVERS","54"
"","THREE ROCKS","10"
"","TIBURON","21"
"","TIERRA BUENA","51"
"","TIJUANA","37"
"","TIONESTA","47"
"","TIPTON","54"
"","TIVY VALLEY","10"
"","TOBIN","32"
"","TODD VALLEY","31"
"","TOLLHOUSE","10"
"","TOLUCA LAKE","19"
"","TOLUCA TER","19"
"","TOLUCA TERRACE","19"
"","TOMALES","21"
"","TONYVILLE","54"
"","TOPANGA","19"
"","TOPANGA CANYON","19"
"","TOPAZ","26"
"","TORRANCE","19"
"","TRABUCO","30"
"","TRABUCO CANYON","30"
"","TRABUCO CYN","30"
"","TRACY","39"
"","TRANQUILITY","10"
"","TRANQUILLITY","10"
"","TRAVER","54"
"","TRAVIS AIR FORCE BASE","48"
"","TREASURE ISLAND","38"
"","TRES PINOS","35"
"","TRINIDAD","12"
"","TRINITY CENTER","53"
"","TRINITY CTR","53"
"","TRONA","14"
"","TRONA","36"
"","TROPICO VILLAGE","15"
"","TROWBRIDGE","51"
"","TRUCKEE","29"
"","TRUCKEE","31"
"","TUJUNGA","19"
"","TULARE","54"
"","TULELAKE","25"
"","TULELAKE","47"
"","TUOLUMNE","55"
"","TUOLUMNE MDWS","22"
"","TUOLUMNE MEADOWS","22"
"","TUPMAN","15"
"","TURLOCK","24"
"","TURLOCK","50"
"","TUSTIN","30"
"","TUSTIN MCAS","30"
"","TWAIN","32"
"","TWAIN HARTE","55"
"","TWENTYNIN PLM","36"
"","TWENTYNINE PALMS","36"
"","TWIN BRIDGES","09"
"","TWIN PEAKS","36"
"","TWO ROCK RANCH STA","49"
"","TYLER","29"
"","UC BERKELEY","01"
"","UKIAH","23"
"","UNION CITY","01"
"","UNION HILL","29"
"","UNIVERSAL CITY","19"
"","UNIVERSAL CITY","37"
"","UNIVERSAL CTY","19"
"","UNKNOWN","99"
"","UPLAND","36"
"","UPPER LAKE","17"
"","V A HOSP","37"
"","VACAVILLE","48"
"","VAFB","42"
"","VAL VERDE","19"
"","VAL VERDE","33"
"","VAL VERDE PARK","19"
"","VALENCIA","19"
"","VALERIE","33"
"","VALINDA","19"
"","VALLE VISTA","33"
"","VALLECITO","05"
"","VALLEJO","28"
"","VALLEJO","48"
"","VALLEMAR","41"
"","VALLEY ACRES","15"
"","VALLEY CENTER","37"
"","VALLEY FORD","49"
"","VALLEY GLEN","19"
"","VALLEY HOME","50"
"","VALLEY OF ENCHANTMENT","36"
"","VALLEY SPGS","05"
"","VALLEY SPRINGS","05"
"","VALLEY VILLAGE","19"
"","VALLEY VLG","19"
"","VALYERMO","19"
"","VAN NUYS","19"
"","VANDENBERG AIR FORCE BASE","42"
"","VANDENBERG VILLAGE","42"
"","VANDENBRG AFB","42"
"","VENICE","19"
"","VENTURA","56"
"","VERDEMONT","36"
"","VERDI","46"
"","VERDUGO CITY","19"
"","VERMONT","19"
"","VERNALIS","39"
"","VERNON","19"
"","VERONA","51"
"","VERONA LANDING","51"
"","VETERANS ADM","19"
"","VETERANS ADMN","19"
"","VICTOR","39"
"","VICTORVILLE","36"
"","VIDAL","36"
"","VIDAL JUNCTION","36"
"","VIEW PARK","19"
"","VILLA GRANDE","49"
"","VILLA PARK","30"
"","VILLA VERONA","04"
"","VILLAGE","19"
"","VINA","52"
"","VINEBURG","49"
"","VINTON","32"
"","VIOLA","45"
"","VIRGILIA","32"
"","VIRNER","09"
"","VISALIA","54"
"","VISTA","37"
"","VISTA SANTA ROSA","33"
"","VOLCANO","03"
"","VOLCANOVILLE","09"
"","VORDEN","34"
"","W HOLLYWOOD","19"
"","W LOS ANGELES","19"
"","W MENLO PARK","41"
"","W SACRAMENTO","57"
"","W TOLUCA LAKE","19"
"","WAGNER","19"
"","WALKER","26"
"","WALKER","47"
"","WALKER LANDING","34"
"","WALLACE","05"
"","WALNUT","19"
"","WALNUT CREEK","07"
"","WALNUT GROVE","34"
"","WALNUT GROVE","48"
"","WALNUT GROVE","50"
"","WALNUT PARK","19"
"","WALSH STATION","34"
"","WARM SPRINGS","01"
"","WARM SPRINGS","19"
"","WARNER SPGS","37"
"","WARNER SPRINGS","37"
"","WASCO","15"
"","WASHINGTON","29"
"","WATERFORD","50"
"","WATSONVILLE","27"
"","WATSONVILLE","44"
"","WATTS","19"
"","WAUKENA","54"
"","WAWONA","22"
"","WEAVERVILLE","53"
"","WEED","47"
"","WEEDPATCH","15"
"","WEIMAR","31"
"","WEITCHPEC","12"
"","WELDON","15"
"","WENDEL","18"
"","WENTWORTH SPRINGS","09"
"","WEOTT","12"
"","WEST ADAMS","19"
"","WEST COVINA","19"
"","WEST HILLS","19"
"","WEST HOLLYWOOD","19"
"","WEST LANCASTER","33"
"","WEST LOS ANGELES","19"
"","WEST MENLO PARK","41"
"","WEST PITTSBURG","07"
"","WEST POINT","05"
"","WEST SACRAMENTO","57"
"","WEST SACTO","57"
"","WEST TOLUCA LAKE","19"
"","WEST TRUCKEE","29"
"","WESTCHESTER","19"
"","WESTHAVEN","12"
"","WESTHILLS","19"
"","WESTLAKE VILLAGE","19"
"","WESTLAKE VILLAGE","56"
"","WESTLAKE VLG","19"
"","WESTLAKE VLG","56"
"","WESTLEY","50"
"","WESTMINSTER","30"
"","WESTMORLAND","13"
"","WESTPORT","23"
"","WESTVERN","19"
"","WESTWOOD","18"
"","WESTWOOD","19"
"","WESTWOOD","32"
"","WHEATLAND","58"
"","WHISKEYTOWN","45"
"","WHITE ROCK","34"
"","WHITE WATER","33"
"","WHITETHORN","12"
"","WHITMORE","45"
"","WHITTIER","19"
"","WILBUR SPRINGS","06"
"","WILCOX","19"
"","WILDOMAR","33"
"","WILDWOOD","45"
"","WILDWOOD","53"
"","WILLAURA ESTATES","29"
"","WILLIAMS","06"
"","WILLITS","23"
"","WILLOW BROOK","19"
"","WILLOW CREEK","12"
"","WILLOW CREEK","53"
"","WILLOW RANCH","25"
"","WILLOW SPGS","15"
"","WILLOW SPRINGS","15"
"","WILLOWS","11"
"","WILMAR","19"
"","WILMINGTON","19"
"","WILSEYVILLE","05"
"","WILSHIRE-LA BREA","19"
"","WILSONA GARDENS","19"
"","WILSONIA","54"
"","WILTON","34"
"","WINCHESTER","33"
"","WINDSOR","49"
"","WINDSOR HILLS","19"
"","WINNETKA","19"
"","WINTERHAVEN","13"
"","WINTERS","57"
"","WINTON","24"
"","WISHON","20"
"","WITTER SPGS","17"
"","WITTER SPRINGS","17"
"","WLA","19"
"","WOFFORD HEIGHTS","15"
"","WOFFORD HTS","15"
"","WOODACRE","21"
"","WOODBRIDGE","39"
"","WOODCREST","33"
"","WOODFORDS","02"
"","WOODLAKE","54"
"","WOODLAND","57"
"","WOODLAND HILLS","19"
"","WOODLAND HLS","19"
"","WOODLEAF","58"
"","WOODSIDE","41"
"","WOODVILLE","54"
"","WOODY","15"
"","WRIGHTWOOD","36"
"","WYANDOTTE","04"
"","YALE","33"
"","YANKEE HILL","04"
"","YANKEE JIMS","31"
"","YERMO","36"
"","YETTEM","54"
"","YOLO","57"
"","YORBA LINDA","30"
"","YORKVILLE","23"
"","YOSEMITE","22"
"","YOSEMITE NATIONAL PARK","22"
"","YOSEMITE NTPK","22"
"","YOUNTVILLE","28"
"","YREKA","47"
"","YUBA CITY","51"
"","YUCAIPA","36"
"","YUCCA VALLEY","36"
"","ZAMORA","57"
"","ZENIA","53"